Method,Metric,Score
KMeans,Silhouette,0.19359732599753615
KMeans,Calinski,854.6537564502637
KMeans,Davies,1.4563119605847512
DBSCAN,Silhouette,-0.204217442461043
DBSCAN,Calinski,8.483247822845177
DBSCAN,Davies,2.2944105364858483
Agglomerative,Silhouette,0.12738899182637742
Agglomerative,Calinski,640.4643875966038
Agglomerative,Davies,1.738957546554468
